path,md5,loc,top_imports
scripts/obs_e2e_test.sh,1ba755f94d93a247c14133a302aabd7b,94,
scripts/obs_smoke.sh,9d0611f3a322128f46feabd3af345019,17,
scripts/demo_ingest_nojq.sh,3885deb92317b74d1c98a1390e6a499b,23,
scripts/a2_verify_min.sh,ad172158396f67424661683b0257c990,87,
scripts/run-checks.ps1,0213f8d92864cdffd2e212a147d9341a,81,
scripts/wrk_predict.sh,efd5bb6dc8d091a239ce4c31cbc0f609,15,
scripts/run-smoke.sh,acebb9f25ca2611cb7446bd0232616d3,14,source scripts/lib/smoke.sh
scripts/obs_preflight.sh,5d7db0a4a23ee09b64b5f8179d523173,18,
scripts/b2_accept_serve_reload.sh,8b0836d0e29fcabadf741d0f9ddda97f,291,"import sys; import sys; print(f""{float(sys.argv[2])-float(sys.argv[1]):.6f}""); import sys; print(f""{float(sys.argv[2])-float(sys.argv[1]):.6f}"")"
scripts/smoke_serve.sh,88e5ea012af1ae841442e509ad71a52d,17,
scripts/accept_blockB_manual.sh,b071b054cb7d1d8e346fdbc815bc370a,320,
scripts/run-checks.sh,a7c4009341faaf7d8145f582b90ddfdf,61,source scripts/lib/smoke.sh
scripts/generate-repo-map.mjs,db5683ef14d5f1bc066d7fbbae33e73d,59,import fs from 'fs';; import path from 'path';
scripts/seed_default_model.sh,75ee77a161108ddca25cafce45a70e2d,35,
scripts/smoke_prom.sh,34115379cc5c17bb3117d12a7349bc3c,16,
scripts/run-smoke.ps1,36a4e916cdd35e79bc5cab0bcf1b4b3f,27,
scripts/a2_verify.ps1,d5279d8ae4565898bda3a45ecc7d47fb,183,
scripts/test_b1.sh,0356d42f4d082ea09154e500069521a4,46,
scripts/lib/smoke.sh,7f826dff06aacec08e64128b78754931,33,
